Time,Folder,Filename,Official,All,Highlights
2018-09-20-173159,,272060909.jpg,,x,
2018-09-20-173210,,272060908.jpg,,x,
2018-09-20-175453,,272060910.jpg,,x,
2018-09-20-181733,,IMG_4209.jpg,,,
2018-09-20-193409,,272060906.jpg,,x,
2018-09-20-194145,,IMG_4210.jpg,,,
2018-09-20-194524,,IMG_4211.jpg,,x,
2018-09-20-195558,,IMG_4212.jpg,,,
2018-09-20-205018,,272060912.jpg,,x,
2018-09-20-210510,,272060913.jpg,,x,
2018-09-20-210607,,IMG_4213.jpg,,x,
2018-09-21-115438,,IMG_4214.jpg,,,
2018-09-21-115451,,IMG_4215.jpg,,,
2018-09-21-115626,,IMG_4216.jpg,,,
2018-09-21-120151,,IMG_4217.jpg,,x,
2018-09-21-120221,,IMG_4218.jpg,,,
2018-09-21-123317,,IMG_4219.jpg,,x,
2018-09-21-124416,,IMG_4220.jpg,,x,
2018-09-21-124436,,IMG_4221.jpg,,,
2018-09-21-133058,,IMG_4222.jpg,,,
2018-09-21-133109,,IMG_4223.jpg,,,
2018-09-21-142514,,IMG_4224.jpg,,x,
2018-09-21-155952,,IMG_4225.jpg,,,
2018-09-21-175226,,272099614.jpg,,x,
2018-09-21-180659,,272099604.jpg,,,
2018-09-21-180701,,272099607.jpg,,x,
2018-09-21-181815,,272060892.jpg,,x,
2018-09-21-184311,,IMG_4226.jpg,,x,
2018-09-21-184431,,IMG_4227.jpg,,x,
2018-09-21-191640,,272060893.jpg,,x,
2018-09-21-220140,,IMG_4228.jpg,,,
2018-09-21-232459,,IMG_4229.jpg,,x,
2018-09-22-095513,Scott,DSC_0012.JPG,,x,
2018-09-22-114434,Official,002.jpg,,,
2018-09-22-114444,Official,003.jpg,x,x,
2018-09-22-114652,,IMG_4230.jpg,,,
2018-09-22-114655,,IMG_4231.jpg,,,
2018-09-22-114657,,IMG_4232.jpg,,,
2018-09-22-115516,Official,004.jpg,x,x,
2018-09-22-115521,Official,005.jpg,,,
2018-09-22-115524,Official,006.jpg,x,x,
2018-09-22-115547,Official,007.jpg,x,x,
2018-09-22-115548,Official,008.jpg,x,x,
2018-09-22-115557,Official,009.jpg,x,x,
2018-09-22-115641,Official,010.jpg,x,x,
2018-09-22-115721,Official,001.jpg,x,x,
2018-09-22-115751,Official,011.jpg,x,x,
2018-09-22-115832,Official,012.jpg,,,
2018-09-22-115840,Official,013.jpg,x,x,
2018-09-22-115844,Official,014.jpg,x,x,
2018-09-22-115921,Official,015.jpg,x,x,
2018-09-22-115926,Official,016.jpg,x,x,
2018-09-22-115935,Official,017.jpg,x,x,
2018-09-22-115938,Official,018.jpg,,,
2018-09-22-115946,Official,019.jpg,x,x,
2018-09-22-120033,Official,020.jpg,x,x,
2018-09-22-120036,Official,021.jpg,x,x,
2018-09-22-120050,Official,022.jpg,x,x,
2018-09-22-120055,Official,023.jpg,x,x,
2018-09-22-120137,Official,024.jpg,,,
2018-09-22-120224,Official,025.jpg,x,x,
2018-09-22-120246,Official,026.jpg,x,x,
2018-09-22-120309,Official,027.jpg,x,x,
2018-09-22-120310,Official,028.jpg,,,
2018-09-22-120446,Official,029.jpg,x,x,
2018-09-22-120447,Official,030.jpg,x,x,
2018-09-22-120523,Official,031.jpg,x,x,
2018-09-22-120605,Official,032.jpg,x,x,
2018-09-22-120623,Official,033.jpg,x,x,
2018-09-22-121045,Official,034.jpg,x,x,
2018-09-22-121237,Official,035.jpg,x,x,
2018-09-22-121633,Official,036.jpg,,,
2018-09-22-121828,Official,037.jpg,,,
2018-09-22-121855,Official,038.jpg,,,
2018-09-22-122212,Official,039.jpg,x,x,
2018-09-22-122729,,272016982.jpg,,x,
2018-09-22-122740,Official,041.jpg,x,x,
2018-09-22-122742,Official,042.jpg,,,
2018-09-22-122757,Official,043.jpg,,,
2018-09-22-122809,Official,044.jpg,,,
2018-09-22-122809,Official,045.jpg,x,x,
2018-09-22-122843,Official,046.jpg,x,x,
2018-09-22-122951,Official,047.jpg,x,x,
2018-09-22-122958,Official,048.jpg,x,x,
2018-09-22-123055,Official,049.jpg,x,x,
2018-09-22-123111,Official,050.jpg,x,x,
2018-09-22-123123,Official,051.jpg,x,x,
2018-09-22-123136,Official,052.jpg,x,x,
2018-09-22-123152,Official,053.jpg,x,x,
2018-09-22-123208,Official,054.jpg,x,x,
2018-09-22-123233,Official,055.jpg,x,x,
2018-09-22-123244,Official,056.jpg,,,
2018-09-22-123403,Official,057.jpg,x,x,
2018-09-22-123423,Official,058.jpg,x,x,
2018-09-22-123430,Official,059.jpg,,,
2018-09-22-123455,Official,060.jpg,x,x,
2018-09-22-123517,Official,061.jpg,x,x,
2018-09-22-123525,Official,062.jpg,x,x,
2018-09-22-123542,Official,063.jpg,,,
2018-09-22-123558,Official,064.jpg,x,x,
2018-09-22-123602,Official,065.jpg,x,x,
2018-09-22-123606,Official,066.jpg,,,
2018-09-22-123608,Official,067.jpg,x,x,
2018-09-22-123609,Official,068.jpg,x,x,
2018-09-22-123614,Official,069.jpg,,,
2018-09-22-123625,Official,070.jpg,,,
2018-09-22-123632,Official,071.jpg,,,
2018-09-22-123640,Official,072.jpg,,,
2018-09-22-123706,Official,073.jpg,x,x,
2018-09-22-123718,Official,074.jpg,x,x,
2018-09-22-123742,Official,075.jpg,x,x,
2018-09-22-123830,Official,076.jpg,x,x,
2018-09-22-124347,Official,077.jpg,x,x,
2018-09-22-125112,Official,078.jpg,x,x,
2018-09-22-125306,Official,079.jpg,x,x,
2018-09-22-125333,Official,080.jpg,,,
2018-09-22-125357,Official,081.jpg,,,
2018-09-22-125402,Official,082.jpg,,,
2018-09-22-125727,Official,083.jpg,x,x,
2018-09-22-125728,Official,084.jpg,x,x,
2018-09-22-125818,Official,085.jpg,,,
2018-09-22-125850,Official,086.jpg,x,x,
2018-09-22-125903,Official,087.jpg,,,
2018-09-22-125907,Official,088.jpg,x,x,
2018-09-22-125935,Official,089.jpg,x,x,
2018-09-22-125936,Official,090.jpg,,,
2018-09-22-125939,Official,091.jpg,,,
2018-09-22-125939,Photoshop,091f.jpg,x,x,
2018-09-22-125944,Official,092.jpg,x,x,
2018-09-22-125948,Scott,DSC_0029.JPG,,,
2018-09-22-130005,Official,093.jpg,x,x,
2018-09-22-130006,Official,094.jpg,x,x,
2018-09-22-130011,,IMG_4856.JPG,,,
2018-09-22-130011,Official,095.jpg,,,
2018-09-22-130011,Photoshop,image00002ff.jpg,x,x,
2018-09-22-130017,Official,096.jpg,x,x,
2018-09-22-130035,Official,097.jpg,x,x,
2018-09-22-130117,Official,098.jpg,x,x,
2018-09-22-130121,Official,099.jpg,,,
2018-09-22-130123,Official,100.jpg,,,
2018-09-22-130215,Official,101.jpg,x,x,
2018-09-22-130224,Official,102.jpg,,,
2018-09-22-130248,Official,103.jpg,,,
2018-09-22-130301,Official,104.jpg,,,
2018-09-22-130315,Official,105.jpg,x,x,
2018-09-22-130836,Official,106.jpg,x,x,
2018-09-22-130851,Official,107.jpg,x,x,
2018-09-22-130933,Official,108.jpg,x,x,
2018-09-22-130954,Official,109.jpg,x,x,
2018-09-22-130958,Official,110.jpg,,,
2018-09-22-131002,Official,111.jpg,x,x,
2018-09-22-131137,Official,112.jpg,x,x,
2018-09-22-131142,Official,113.jpg,x,x,
2018-09-22-131154,Official,114.jpg,x,x,
2018-09-22-131157,Official,115.jpg,x,x,
2018-09-22-131205,Official,116.jpg,,,
2018-09-22-131227,Official,117.jpg,x,x,
2018-09-22-131239,Official,118.jpg,x,x,
2018-09-22-131257,Official,119.jpg,,,
2018-09-22-131521,Official,120.jpg,,,
2018-09-22-131543,Official,121.jpg,x,x,
2018-09-22-131652,Official,122.jpg,x,x,
2018-09-22-131742,Official,123.jpg,,,
2018-09-22-131829,,272016965.jpg,,x,
2018-09-22-131837,,272016953.jpg,,x,
2018-09-22-132039,Official,124.jpg,,,
2018-09-22-132254,Official,125.jpg,x,x,
2018-09-22-132339,Official,126.jpg,x,x,
2018-09-22-132349,Official,127.jpg,x,x,
2018-09-22-132428,Official,128.jpg,x,x,
2018-09-22-132455,Scott,DSC_0046.JPG,,x,
2018-09-22-132507,Official,129.jpg,x,x,
2018-09-22-132517,Official,130.jpg,x,x,
2018-09-22-132530,Official,131.jpg,x,x,
2018-09-22-132535,Scott,DSC_0051.JPG,,x,
2018-09-22-132538,Official,132.jpg,x,x,
2018-09-22-132544,Official,133.jpg,x,x,
2018-09-22-132557,Official,134.jpg,x,x,
2018-09-22-132628,Official,135.jpg,x,x,
2018-09-22-132634,Official,136.jpg,x,x,
2018-09-22-125817,,272030811.jpg,,x,
2018-09-22-125817,Scott,DSC_0026.JPG,,x,
2018-09-22-132713,Official,137.jpg,x,x,
2018-09-22-132730,Official,138.jpg,x,x,
2018-09-22-124419,Scott,DSC_0014.JPG,,x,
2018-09-22-124423,Scott,DSC_0015p.jpg,,x,
2018-09-22-132752,Official,139.jpg,x,x,
2018-09-22-132848,Official,140.jpg,x,x,
2018-09-22-132850,Official,141.jpg,x,x,
2018-09-22-132852,Official,142.jpg,x,x,
2018-09-22-133004,Official,143.jpg,x,x,
2018-09-22-133009,Official,144.jpg,x,x,
2018-09-22-133013,Official,145.jpg,x,x,
2018-09-22-125516,Scott,DSC_0018.JPG,,x,
2018-09-22-125524,Scott,DSC_0019.JPG,,x,
2018-09-22-125551,Scott,DSC_0022.JPG,,x,
2018-09-22-125603,,272033360.jpg,,x,
2018-09-22-133041,Official,146.jpg,x,x,
2018-09-22-133047,Official,147.jpg,x,x,
2018-09-22-133057,Official,148.jpg,x,x,
2018-09-22-133112,Official,149.jpg,x,x,
2018-09-22-133113,Official,150.jpg,x,x,
2018-09-22-133113,Official,151.jpg,x,x,
2018-09-22-133114,Official,152.jpg,x,x,
2018-09-22-133115,Official,153.jpg,x,x,
2018-09-22-133117,Official,154.jpg,x,x,
2018-09-22-133117,Official,155.jpg,x,x,
2018-09-22-133122,Official,156.jpg,x,x,
2018-09-22-133123,Official,157.jpg,x,x,
2018-09-22-133252,Official,158.jpg,x,x,
2018-09-22-133301,Official,159.jpg,x,x,
2018-09-22-133301,Photoshop,159f.jpg,,x,
2018-09-22-133329,Official,160.jpg,x,x,
2018-09-22-133331,Official,161.jpg,x,x,
2018-09-22-133336,Official,162.jpg,x,x,
2018-09-22-133348,,272016637.jpg,,x,
2018-09-22-133357,,272016636.jpg,,x,
2018-09-22-133359,,272016629.jpg,,x,
2018-09-22-133443,Official,163.jpg,x,x,
2018-09-22-133447,Official,164.jpg,x,x,
2018-09-22-133449,Official,165.jpg,x,x,
2018-09-22-133452,Official,166.jpg,x,x,
2018-09-22-133456,Official,167.jpg,x,x,
2018-09-22-133525,,IMG_4626-Edited-.JPG,,x,
2018-09-22-133525,,IMG_4626-Edited-1-.JPG,,x,
2018-09-22-133525,,IMG_4626.JPG,,x,
2018-09-22-133525,Official,168.jpg,x,x,
2018-09-22-133527,,169t1.jpg,,x,
2018-09-22-133527,,169t1_5x7.jpg,,x,
2018-09-22-133527,,169t2.jpg,,x,
2018-09-22-133527,Official,169.jpg,x,x,
2018-09-22-133527,Photoshop,169_2.jpg,,x,
2018-09-22-133527,Photoshop,169t1second.jpg,,x,
2018-09-22-133528,Official,170.jpg,x,x,
2018-09-22-133531,Official,171.jpg,x,x,
2018-09-22-133533,Official,172.jpg,x,x,
2018-09-22-133651,,272030812.jpg,,x,
2018-09-22-133759,Official,173.jpg,x,x,
2018-09-22-133835,Official,174.jpg,x,x,
2018-09-22-133847,Official,175.jpg,x,x,
2018-09-22-133900,Official,176.jpg,x,x,
2018-09-22-133901,Official,177.jpg,x,x,
2018-09-22-133905,Official,178.jpg,x,x,
2018-09-22-133905,Official,179.jpg,x,x,
2018-09-22-133909,Official,180.jpg,x,x,
2018-09-22-133912,Official,181.jpg,x,x,
2018-09-22-133914,Official,182.jpg,x,x,
2018-09-22-133919,Official,183.jpg,x,x,
2018-09-22-133933,,272033361.jpg,,x,
2018-09-22-133937,Official,184.jpg,x,x,
2018-09-22-133937,Official,185.jpg,x,x,
2018-09-22-134100,Official,186.jpg,x,x,
2018-09-22-134111,Official,187.jpg,x,x,
2018-09-22-134118,Official,188.jpg,x,x,
2018-09-22-134119,Official,189.jpg,x,x,
2018-09-22-134129,,190_c.jpg,,x,
2018-09-22-134129,Official,190.jpg,x,x,
2018-09-22-134139,Official,191.jpg,x,x,
2018-09-22-125905,Scott,DSC_0028.JPG,,x,
2018-09-22-134255,Official,192.jpg,x,x,
2018-09-22-134259,Official,193.jpg,x,x,
2018-09-22-134300,Official,194.jpg,x,x,
2018-09-22-134348,Official,195.jpg,x,x,
2018-09-22-134353,Official,196.jpg,x,x,
2018-09-22-134354,Official,197.jpg,x,x,
2018-09-22-134356,Official,198.jpg,x,x,
2018-09-22-134357,Official,199.jpg,x,x,
2018-09-22-134358,,200_c.jpg,,x,
2018-09-22-134358,Official,200.jpg,x,x,
2018-09-22-134358,Photoshop,200_c_2.jpg,,x,
2018-09-22-134400,Official,201.jpg,x,x,
2018-09-22-134404,Official,202.jpg,x,x,
2018-09-22-134404,Official,203.jpg,x,x,
2018-09-22-134412,Official,204.jpg,x,x,
2018-09-22-134413,Official,205.jpg,x,x,
2018-09-22-134421,Official,206.jpg,x,x,
2018-09-22-134422,Official,207.jpg,x,x,
2018-09-22-134422,Official,208.jpg,x,x,
2018-09-22-134424,Official,209.jpg,x,x,
2018-09-22-134440,Official,210.jpg,x,x,
2018-09-22-134446,Official,211.jpg,x,x,
2018-09-22-130020,Scott,DSC_0030.JPG,,x,
2018-09-22-130042,,272033363.jpg,,x,
2018-09-22-130053,Scott,DSC_0038.JPG,,x,
2018-09-22-130058,,272034869.jpg,,x,
2018-09-22-134503,Official,212.jpg,x,x,
2018-09-22-134515,Official,213.jpg,x,x,
2018-09-22-134609,Official,214.jpg,x,x,
2018-09-22-134621,Official,215.jpg,x,x,
2018-09-22-134622,Official,216.jpg,x,x,
2018-09-22-134725,Official,217.jpg,x,x,
2018-09-22-134735,Official,218.jpg,x,x,
2018-09-22-134754,Official,219.jpg,x,x,
2018-09-22-134810,Official,220.jpg,x,x,
2018-09-22-134828,Official,221.jpg,x,x,
2018-09-22-135013,Official,222.jpg,x,x,
2018-09-22-131406,,272033358.jpg,,x,
2018-09-22-135033,Official,223.jpg,x,x,
2018-09-22-135103,Official,224.jpg,x,x,
2018-09-22-135114,Official,225.jpg,x,x,
2018-09-22-135128,Official,226.jpg,x,x,
2018-09-22-135230,Official,227.jpg,x,x,
2018-09-22-135236,Official,228.jpg,x,x,
2018-09-22-135241,Official,229.jpg,x,x,
2018-09-22-135249,Official,230.jpg,x,x,
2018-09-22-135327,Official,231.jpg,x,x,
2018-09-22-135421,Official,232.jpg,x,x,
2018-09-22-135742,Official,233.jpg,x,x,
2018-09-22-135845,,272030809.jpg,,x,
2018-09-22-140249,,272060894.jpg,,x,
2018-09-22-140309,,272060895.jpg,,x,
2018-09-22-140629,Official,234.jpg,x,x,
2018-09-22-140654,Official,235.jpg,x,x,
2018-09-22-140715,Official,236.jpg,x,x,
2018-09-22-140716,Official,237.jpg,x,x,
2018-09-22-140719,Official,238.jpg,x,x,
2018-09-22-140811,Official,239.jpg,x,x,
2018-09-22-140811,Official,240.jpg,x,x,
2018-09-22-140830,Official,241.jpg,x,x,
2018-09-22-140832,Official,242.jpg,x,x,
2018-09-22-140903,Official,243.jpg,x,x,
2018-09-22-140953,Official,244.jpg,x,x,
2018-09-22-140957,Official,245.jpg,x,x,
2018-09-22-141018,Official,246.jpg,x,x,
2018-09-22-141043,Official,247.jpg,x,x,
2018-09-22-141119,Official,248.jpg,x,x,
2018-09-22-141136,Official,249.jpg,x,x,
2018-09-22-141137,Official,250.jpg,x,x,
2018-09-22-141151,,272060898.jpg,,x,
2018-09-22-141154,Official,251.jpg,x,x,
2018-09-22-141209,Official,252.jpg,x,x,
2018-09-22-141234,Official,253.jpg,x,x,
2018-09-22-141258,Official,254.jpg,x,x,
2018-09-22-141323,Official,255.jpg,x,x,
2018-09-22-141325,Official,256.jpg,x,x,
2018-09-22-141333,Official,257.jpg,x,x,
2018-09-22-141340,Official,258.jpg,x,x,
2018-09-22-141402,Official,259.jpg,x,x,
2018-09-22-141411,Official,260.jpg,x,x,
2018-09-22-141552,Official,261.jpg,x,x,
2018-09-22-141607,,IMG_4628-Edited-.JPG,,x,
2018-09-22-141607,,IMG_4628.JPG,,x,
2018-09-22-141607,,IMG_4857.JPG,,x,
2018-09-22-141607,Official,262.jpg,x,x,
2018-09-22-141607,Photoshop,image1f.jpg,,x,
2018-09-22-141607,,image1.jpg,,x,
2018-09-22-141607,,image1eee.jpg,,x,
2018-09-22-141616,Official,263.jpg,x,x,
2018-09-22-141643,,264_c.jpg,,x,
2018-09-22-141643,Official,264.jpg,x,x,
2018-09-22-141643,Official,265.jpg,x,x,
2018-09-22-141646,Official,266.jpg,x,x,
2018-09-22-141647,Official,267.jpg,x,x,
2018-09-22-141654,Official,268.jpg,x,x,
2018-09-22-141919,Official,269.jpg,x,x,
2018-09-22-141922,Official,270.jpg,x,x,
2018-09-22-141952,Official,271.jpg,x,x,
2018-09-22-142049,Official,272.jpg,x,x,
2018-09-22-142109,Official,273.jpg,x,x,
2018-09-22-142135,,IMG_4841.JPG,,x,
2018-09-22-142135,Official,274.jpg,x,x,
2018-09-22-142136,Official,275.jpg,x,x,
2018-09-22-142148,Official,276.jpg,x,x,
2018-09-22-142155,Official,277.jpg,x,x,
2018-09-22-142157,,IMG_4630-Edited-.JPG,,x,
2018-09-22-142157,,IMG_4630.JPG,,x,
2018-09-22-142157,Official,278.jpg,x,x,
2018-09-22-142236,Official,279.jpg,x,x,
2018-09-22-142237,Official,280.jpg,x,x,
2018-09-22-142241,Official,281.jpg,x,x,
2018-09-22-142242,Official,282.jpg,x,x,
2018-09-22-142244,,272106750.jpg,,x,
2018-09-22-142407,Official,283.jpg,x,x,
2018-09-22-142409,Official,284.jpg,x,x,
2018-09-22-142423,Official,285.jpg,x,x,
2018-09-22-142423,Official,286.jpg,x,x,
2018-09-22-142425,,IMG_4849.JPG,,x,
2018-09-22-142425,Official,287.jpg,x,x,
2018-09-22-142425,Photoshop,image00001f.jpg,,x,
2018-09-22-142425,,image00001e.jpg,,x,
2018-09-22-142425,,image00001g.jpg,,x,
2018-09-22-142430,Official,288.jpg,x,x,
2018-09-22-142517,Official,LX6A5421.jpg,x,x,
2018-09-22-142521,Official,LX6A5422.jpg,x,x,
2018-09-22-142521,Official,LX6A5423.jpg,x,x,
2018-09-22-142523,,IMG_4632-Edited-.JPG,,x,
2018-09-22-142523,,IMG_4632.JPG,,x,
2018-09-22-142523,Official,289.jpg,x,x,
2018-09-22-142527,Official,LX6A5428.jpg,x,x,
2018-09-22-142527,Photoshop,1f.jpg,,x,
2018-09-22-142527,Photoshop,1ff.jpg,,x,
2018-09-22-142528,Official,LX6A5429.jpg,x,x,
2018-09-22-142528,Official,LX6A5430.jpg,x,x,
2018-09-22-142529,Official,LX6A5432.jpg,x,x,
2018-09-22-142631,,272033359.jpg,,x,
2018-09-22-142639,Official,290.jpg,x,x,
2018-09-22-142639,Photoshop,2f.jpg,,x,
2018-09-22-142639,Photoshop,2ff.jpg,,x,
2018-09-22-142702,,272030824.jpg,,x,
2018-09-22-142743,,272034870.jpg,,x,
2018-09-22-142809,,272034868.jpg,,x,
2018-09-22-142845,Official,291.jpg,x,x,
2018-09-22-142933,Official,292.jpg,x,x,
2018-09-22-142938,Official,293.jpg,x,x,
2018-09-22-142939,Official,294.jpg,x,x,
2018-09-22-142948,Official,295.jpg,x,x,
2018-09-22-143142,Official,296.jpg,x,x,
2018-09-22-143144,Official,297.jpg,x,x,
2018-09-22-143153,Official,298.jpg,x,x,
2018-09-22-143348,Official,299.jpg,x,x,
2018-09-22-143349,Official,300.jpg,x,x,
2018-09-22-143400,Official,301.jpg,x,x,
2018-09-22-143631,,272030817.jpg,,x,
2018-09-22-143711,,272030823.jpg,,x,
2018-09-22-143713,Official,302.jpg,x,x,
2018-09-22-143821,Official,303.jpg,x,x,
2018-09-22-143835,Official,304.jpg,x,x,
2018-09-22-143839,Official,305.jpg,x,x,
2018-09-22-143845,,272030820.jpg,,x,
2018-09-22-143847,Scott,DSC_0079.JPG,,x,
2018-09-22-143926,,272030825.jpg,,x,
2018-09-22-143926,Scott,DSC_0082.JPG,,x,
2018-09-22-144108,Official,306.jpg,x,x,
2018-09-22-144121,Official,307.jpg,x,x,
2018-09-22-144129,Official,308.jpg,x,x,
2018-09-22-144135,Official,309.jpg,x,x,
2018-09-22-144140,Official,310.jpg,x,x,
2018-09-22-144147,Official,311.jpg,x,x,
2018-09-22-144148,Official,312.jpg,x,x,
2018-09-22-144155,Official,313.jpg,x,x,
2018-09-22-144200,Official,314.jpg,x,x,
2018-09-22-144206,Official,315.jpg,x,x,
2018-09-22-144211,Official,316.jpg,x,x,
2018-09-22-144224,Official,317.jpg,x,x,
2018-09-22-144241,Official,318.jpg,x,x,
2018-09-22-144255,Official,319.jpg,x,x,
2018-09-22-144300,Official,320.jpg,x,x,
2018-09-22-144306,Official,321.jpg,x,x,
2018-09-22-144324,Official,322.jpg,x,x,
2018-09-22-144335,Official,323.jpg,x,x,
2018-09-22-144341,Official,324.jpg,x,x,
2018-09-22-144349,Official,325.jpg,x,x,
2018-09-22-144356,Official,326.jpg,x,x,
2018-09-22-144416,Official,327.jpg,x,x,
2018-09-22-144430,Official,328.jpg,x,x,
2018-09-22-144442,Official,329.jpg,x,x,
2018-09-22-144459,Official,330.jpg,x,x,
2018-09-22-144539,Official,331.jpg,x,x,
2018-09-22-144554,,272009904.jpg,,x,
2018-09-22-144556,Official,332.jpg,x,x,
2018-09-22-144642,Official,333.jpg,x,x,
2018-09-22-144721,Official,334.jpg,x,x,
2018-09-22-144737,Official,335.jpg,x,x,
2018-09-22-144747,Official,336.jpg,x,x,
2018-09-22-144814,,272009893.jpg,,x,
2018-09-22-144924,Official,337.jpg,x,x,
2018-09-22-144932,Official,338.jpg,x,x,
2018-09-22-145030,Official,339.jpg,x,x,
2018-09-22-145050,Official,340.jpg,x,x,
2018-09-22-145135,Official,341.jpg,x,x,
2018-09-22-145501,,272060900.jpg,,x,
2018-09-22-145554,Official,342.jpg,x,x,
2018-09-22-145556,Official,343.jpg,x,x,
2018-09-22-145743,,272060902.jpg,,x,
2018-09-22-145813,Official,344.jpg,x,x,
2018-09-22-145917,Official,345.jpg,x,x,
2018-09-22-145926,Official,346.jpg,x,x,
2018-09-22-145931,Official,347.jpg,x,x,
2018-09-22-145932,Official,348.jpg,x,x,
2018-09-22-145934,Official,349.jpg,x,x,
2018-09-22-145935,Official,350.jpg,x,x,
2018-09-22-145950,Official,351.jpg,x,x,
2018-09-22-150019,Official,352.jpg,x,x,
2018-09-22-151047,,IMG_4233.jpg,,x,
2018-09-22-151049,,272069488.jpg,,x,
2018-09-22-151049,,IMG_4234-2-.jpg,,x,
2018-09-22-151049,,IMG_4234.jpg,,x,
2018-09-22-151804,Official,353.jpg,x,x,
2018-09-22-151811,Official,354.jpg,x,x,
2018-09-22-151918,Official,355.jpg,x,x,
2018-09-22-151921,Official,356.jpg,x,x,
2018-09-22-151926,Official,357.jpg,x,x,
2018-09-22-151949,Official,358.jpg,x,x,
2018-09-22-151955,Official,359.jpg,x,x,
2018-09-22-152002,Official,360.jpg,x,x,
2018-09-22-152012,Official,361.jpg,x,x,
2018-09-22-152022,Official,362.jpg,x,x,
2018-09-22-152025,Official,363.jpg,x,x,
2018-09-22-152052,Official,364.jpg,x,x,
2018-09-22-152124,Official,365.jpg,x,x,
2018-09-22-152148,Official,366.jpg,x,x,
2018-09-22-152156,Official,367.jpg,x,x,
2018-09-22-152218,Official,368.jpg,x,x,
2018-09-22-152230,Official,369.jpg,x,x,
2018-09-22-152249,Official,370.jpg,x,x,
2018-09-22-152252,Official,371.jpg,x,x,
2018-09-22-152258,Official,372.jpg,x,x,
2018-09-22-152437,Official,373.jpg,x,x,
2018-09-22-152500,Official,374.jpg,x,x,
2018-09-22-152505,Official,375.jpg,x,x,
2018-09-22-152510,Official,376.jpg,x,x,
2018-09-22-152536,Official,377.jpg,x,x,
2018-09-22-152550,Official,378.jpg,x,x,
2018-09-22-152626,Official,379.jpg,x,x,
2018-09-22-152636,Official,380.jpg,x,x,
2018-09-22-152654,Official,381.jpg,x,x,
2018-09-22-152659,Official,382.jpg,x,x,
2018-09-22-152703,Official,383.jpg,x,x,
2018-09-22-152714,Official,384.jpg,x,x,
2018-09-22-152722,Official,385.jpg,x,x,
2018-09-22-152730,Official,386.jpg,x,x,
2018-09-22-152741,Official,387.jpg,x,x,
2018-09-22-152837,Official,388.jpg,x,x,
2018-09-22-153015,Official,389.jpg,x,x,
2018-09-22-153040,Official,390.jpg,x,x,
2018-09-22-153241,Official,391.jpg,x,x,
2018-09-22-153244,Official,392.jpg,x,x,
2018-09-22-153254,Official,393.jpg,x,x,
2018-09-22-153317,Official,394.jpg,x,x,
2018-09-22-153338,Official,395.jpg,x,x,
2018-09-22-153456,,272030822.jpg,,x,
2018-09-22-153626,,272009911.jpg,,x,
2018-09-22-153707,Official,396.jpg,x,x,
2018-09-22-153727,Official,397.jpg,x,x,
2018-09-22-153740,,272016589.jpg,,x,
2018-09-22-153755,,272016587.jpg,,x,
2018-09-22-153816,Official,398.jpg,x,x,
2018-09-22-153824,Official,399.jpg,x,x,
2018-09-22-154006,Official,400.jpg,x,x,
2018-09-22-154040,,272009920.jpg,,x,
2018-09-22-154042,,272009936.jpg,,x,
2018-09-22-154205,Official,401.jpg,x,x,
2018-09-22-154356,,272016586.jpg,,x,
2018-09-22-154433,Official,402.jpg,x,x,
2018-09-22-165808,Official,403.jpg,x,x,
2018-09-22-165817,Official,404.jpg,x,x,
2018-09-22-165821,Official,405.jpg,x,x,
2018-09-22-165822,Official,406.jpg,x,x,
2018-09-22-165839,Official,407.jpg,x,x,
2018-09-22-170024,Official,408.jpg,x,x,
2018-09-22-170043,Official,409.jpg,x,x,
2018-09-22-170051,Official,410.jpg,x,x,
2018-09-22-170123,Official,411.jpg,x,x,
2018-09-22-170148,Official,412.jpg,x,x,
2018-09-22-170149,,272106747.jpg,,x,
2018-09-22-170158,Official,413.jpg,x,x,
2018-09-22-170213,Official,414.jpg,x,x,
2018-09-22-170234,,272033362.jpg,,x,
2018-09-22-170259,Scott,DSC_0093.JPG,,x,
2018-09-22-170309,Official,415.jpg,x,x,
2018-09-22-170342,Official,416.jpg,x,x,
2018-09-22-170404,Official,417.jpg,x,x,
2018-09-22-170426,Official,418.jpg,x,x,
2018-09-22-170432,Official,419.jpg,x,x,
2018-09-22-170448,Official,420.jpg,x,x,
2018-09-22-170506,Official,421.jpg,x,x,
2018-09-22-170541,Official,422.jpg,x,x,
2018-09-22-170551,Official,423.jpg,x,x,
2018-09-22-170600,Official,424.jpg,x,x,
2018-09-22-170624,Official,425.jpg,x,x,
2018-09-22-170640,Official,426.jpg,x,x,
2018-09-22-170649,Official,427.jpg,x,x,
2018-09-22-170700,Official,428.jpg,x,x,
2018-09-22-170709,Official,429.jpg,x,x,
2018-09-22-170735,Official,430.jpg,x,x,
2018-09-22-170751,Official,431.jpg,x,x,
2018-09-22-170813,Official,432.jpg,x,x,
2018-09-22-170833,Official,433.jpg,x,x,
2018-09-22-170839,Official,434.jpg,x,x,
2018-09-22-170900,Official,435.jpg,x,x,
2018-09-22-170911,Official,436.jpg,x,x,
2018-09-22-170943,Official,437.jpg,x,x,
2018-09-22-171001,Official,438.jpg,x,x,
2018-09-22-171011,Official,439.jpg,x,x,
2018-09-22-171029,Official,440.jpg,x,x,
2018-09-22-171050,Official,441.jpg,x,x,
2018-09-22-171056,Official,442.jpg,x,x,
2018-09-22-171107,Official,443.jpg,x,x,
2018-09-22-171131,Official,444.jpg,x,x,
2018-09-22-171154,Official,445.jpg,x,x,
2018-09-22-171205,Official,446.jpg,x,x,
2018-09-22-171227,Official,447.jpg,x,x,
2018-09-22-171235,Official,448.jpg,x,x,
2018-09-22-171246,Official,449.jpg,x,x,
2018-09-22-171250,Official,450.jpg,x,x,
2018-09-22-171255,Official,451.jpg,x,x,
2018-09-22-171334,Official,452.jpg,x,x,
2018-09-22-171404,Official,453.jpg,x,x,
2018-09-22-171454,Official,454.jpg,x,x,
2018-09-22-171531,Official,455.jpg,x,x,
2018-09-22-171551,Official,456.jpg,x,x,
2018-09-22-171645,Official,457.jpg,x,x,
2018-09-22-171656,Official,458.jpg,x,x,
2018-09-22-171759,Official,459.jpg,x,x,
2018-09-22-171812,Official,460.jpg,x,x,
2018-09-22-171822,Official,461.jpg,x,x,
2018-09-22-171837,Official,462.jpg,x,x,
2018-09-22-171957,Official,463.jpg,x,x,
2018-09-22-172003,Official,464.jpg,x,x,
2018-09-22-172008,Official,465.jpg,x,x,
2018-09-22-172030,,272267867.jpg,,x,
2018-09-22-172043,,272060904.jpg,,x,
2018-09-22-172050,Official,466.jpg,x,x,
2018-09-22-172104,Official,467.jpg,x,x,
2018-09-22-172246,Official,468.jpg,x,x,
2018-09-22-172736,Official,469.jpg,x,x,
2018-09-22-172828,Official,470.jpg,x,x,
2018-09-22-172906,Official,471.jpg,x,x,
2018-09-22-172912,Official,472.jpg,x,x,
2018-09-22-172922,Official,473.jpg,x,x,
2018-09-22-172954,Official,474.jpg,x,x,
2018-09-22-173103,Official,475.jpg,x,x,
2018-09-22-173653,Scott,DSC_0096p.jpg,,x,
2018-09-22-173738,Scott,DSC_0101p.JPG,,x,
2018-09-22-173916,Official,476.jpg,x,x,
2018-09-22-173938,Scott,DSC_0102.JPG,,x,
2018-09-22-174620,Official,477.jpg,x,x,
2018-09-22-174621,Official,478.jpg,x,x,
2018-09-22-174627,Official,479.jpg,x,x,
2018-09-22-174632,Official,480.jpg,x,x,
2018-09-22-174636,Official,481.jpg,x,x,
2018-09-22-174640,Official,482.jpg,x,x,
2018-09-22-174649,Official,483.jpg,x,x,
2018-09-22-174700,Official,484.jpg,x,x,
2018-09-22-174708,Official,485.jpg,x,x,
2018-09-22-174733,Official,486.jpg,x,x,
2018-09-22-174741,Official,487.jpg,x,x,
2018-09-22-174745,Official,488.jpg,x,x,
2018-09-22-174755,Official,489.jpg,x,x,
2018-09-22-174830,Official,490.jpg,x,x,
2018-09-22-174850,Official,491.jpg,x,x,
2018-09-22-174907,Official,492.jpg,x,x,
2018-09-22-174908,Official,493.jpg,x,x,
2018-09-22-174937,Official,494.jpg,x,x,
2018-09-22-174953,Official,495.jpg,x,x,
2018-09-22-174958,Official,496.jpg,x,x,
2018-09-22-175014,Official,497.jpg,x,x,
2018-09-22-175027,Official,498.jpg,x,x,
2018-09-22-175039,Official,499.jpg,x,x,
2018-09-22-175056,Official,500.jpg,x,x,
2018-09-22-175114,Official,501.jpg,x,x,
2018-09-22-175119,Official,502.jpg,x,x,
2018-09-22-175133,Official,503.jpg,x,x,
2018-09-22-175138,Official,504.jpg,x,x,
2018-09-22-175217,Official,505.jpg,x,x,
2018-09-22-175234,Official,506.jpg,x,x,
2018-09-22-175236,Official,507.jpg,x,x,
2018-09-22-175303,Official,508.jpg,x,x,
2018-09-22-175343,Official,MAH00008_Moment.jpg,x,x,
2018-09-22-175351,,IMG_4842.JPG,,x,
2018-09-22-175351,Official,509.jpg,x,x,
2018-09-22-175409,Official,510.jpg,x,x,
2018-09-22-175415,Official,511.jpg,x,x,
2018-09-22-175427,Official,512.jpg,x,x,
2018-09-22-175438,Official,513.jpg,x,x,
2018-09-22-175445,Official,514.jpg,x,x,
2018-09-22-175535,Official,515.jpg,x,x,
2018-09-22-175609,Official,516.jpg,x,x,
2018-09-22-175616,Official,517.jpg,x,x,
2018-09-22-175617,Official,518.jpg,x,x,
2018-09-22-175630,Official,519.jpg,x,x,
2018-09-22-175730,Official,520.jpg,x,x,
2018-09-22-175756,Official,521.jpg,x,x,
2018-09-22-175821,Official,522.jpg,x,x,
2018-09-22-175825,Official,523.jpg,x,x,
2018-09-22-175838,Official,524.jpg,x,x,
2018-09-22-180004,Official,525.jpg,x,x,
2018-09-22-180020,Official,526.jpg,x,x,
2018-09-22-180036,Official,527.jpg,x,x,
2018-09-22-180047,Official,528.jpg,x,x,
2018-09-22-180113,Official,529.jpg,x,x,
2018-09-22-180118,Official,530.jpg,x,x,
2018-09-22-180126,Official,531.jpg,x,x,
2018-09-22-180142,Official,532.jpg,x,x,
2018-09-22-180151,Official,533.jpg,x,x,
2018-09-22-180215,Official,534.jpg,x,x,
2018-09-22-180256,Official,535.jpg,x,x,
2018-09-22-180306,Official,536.jpg,x,x,
2018-09-22-180314,,272056182.jpg,,x,
2018-09-22-180326,Official,537.jpg,x,x,
2018-09-22-180350,Official,538.jpg,x,x,
2018-09-22-180407,Official,539.jpg,x,x,
2018-09-22-180421,Official,540.jpg,x,x,
2018-09-22-180532,Official,541.jpg,x,x,
2018-09-22-180547,Official,542.jpg,x,x,
2018-09-22-180609,Official,543.jpg,x,x,
2018-09-22-180631,Official,544.jpg,x,x,
2018-09-22-180700,Official,545.jpg,x,x,
2018-09-22-180750,Official,546.jpg,x,x,
2018-09-22-180809,Official,547.jpg,x,x,
2018-09-22-180813,Official,548.jpg,x,x,
2018-09-22-180844,Official,549.jpg,x,x,
2018-09-22-180938,Official,550.jpg,x,x,
2018-09-22-180957,Official,551.jpg,x,x,
2018-09-22-181015,Official,552.jpg,x,x,
2018-09-22-181023,Official,553.jpg,x,x,
2018-09-22-181148,Official,554.jpg,x,x,
2018-09-22-181241,Official,555.jpg,x,x,
2018-09-22-181326,Official,556.jpg,x,x,
2018-09-22-181335,Official,557.jpg,x,x,
2018-09-22-181346,Official,558.jpg,x,x,
2018-09-22-181353,Official,559.jpg,x,x,
2018-09-22-181411,,272056185.jpg,,x,
2018-09-22-181444,Official,560.jpg,x,x,
2018-09-22-181540,Official,561.jpg,x,x,
2018-09-22-181558,Official,562.jpg,x,x,
2018-09-22-181747,Official,563.jpg,x,x,
2018-09-22-181820,Official,564.jpg,x,x,
2018-09-22-182008,Official,565.jpg,x,x,
2018-09-22-182011,Official,566.jpg,x,x,
2018-09-22-182019,Official,567.jpg,x,x,
2018-09-22-182028,Official,568.jpg,x,x,
2018-09-22-182047,Official,569.jpg,x,x,
2018-09-22-182049,Official,570.jpg,x,x,
2018-09-22-182054,Official,571.jpg,x,x,
2018-09-22-182101,Official,572.jpg,x,x,
2018-09-22-182119,Official,573.jpg,x,x,
2018-09-22-182141,Official,574.jpg,x,x,
2018-09-22-182146,Official,575.jpg,x,x,
2018-09-22-182150,Official,576.jpg,x,x,
2018-09-22-182204,Official,577.jpg,x,x,
2018-09-22-182308,Official,578.jpg,x,x,
2018-09-22-182309,Official,579.jpg,x,x,
2018-09-22-182421,Official,580.jpg,x,x,
2018-09-22-182524,Official,581.jpg,x,x,
2018-09-22-182532,,272009942.jpg,,x,
2018-09-22-182620,Official,582.jpg,x,x,
2018-09-22-182947,,272056695.jpg,,x,
2018-09-22-183401,Official,583.jpg,x,x,
2018-09-22-183407,,272009941.jpg,,x,
2018-09-22-183414,Official,584.jpg,x,x,
2018-09-22-183416,Official,585.jpg,x,x,
2018-09-22-183447,Official,586.jpg,x,x,
2018-09-22-183455,Official,587.jpg,x,x,
2018-09-22-183502,Official,588.jpg,x,x,
2018-09-22-183512,Official,589.jpg,x,x,
2018-09-22-183601,Official,590.jpg,x,x,
2018-09-22-183602,,272009945.jpg,,x,
2018-09-22-183705,Official,591.jpg,x,x,
2018-09-22-183707,Official,592.jpg,x,x,
2018-09-22-183725,Official,593.jpg,x,x,
2018-09-22-183728,Official,594.jpg,x,x,
2018-09-22-183759,Official,595.jpg,x,x,
2018-09-22-183811,Official,596.jpg,x,x,
2018-09-22-183833,Official,597.jpg,x,x,
2018-09-22-183918,Official,598.jpg,x,x,
2018-09-22-184319,Official,599.jpg,x,x,
2018-09-22-184411,Official,600.jpg,x,x,
2018-09-22-184415,Official,601.jpg,x,x,
2018-09-22-184442,Official,602.jpg,x,x,
2018-09-22-184540,Official,603.jpg,x,x,
2018-09-22-184557,Official,604.jpg,x,x,
2018-09-22-184559,Official,605.jpg,x,x,
2018-09-22-184625,Official,606.jpg,x,x,
2018-09-22-184645,Official,607.jpg,x,x,
2018-09-22-184647,Official,608.jpg,x,x,
2018-09-22-184704,Official,609.jpg,x,x,
2018-09-22-184714,Official,610.jpg,x,x,
2018-09-22-184746,Official,611.jpg,x,x,
2018-09-22-184748,Official,612.jpg,x,x,
2018-09-22-184755,Official,613.jpg,x,x,
2018-09-22-184808,Official,614.jpg,x,x,
2018-09-22-184855,Official,615.jpg,x,x,
2018-09-22-184900,Official,616.jpg,x,x,
2018-09-22-184941,Official,617.jpg,x,x,
2018-09-22-185010,Official,618.jpg,x,x,
2018-09-22-185324,Official,619.jpg,x,x,
2018-09-22-185346,Official,620.jpg,x,x,
2018-09-22-185350,Official,621.jpg,x,x,
2018-09-22-185354,Official,622.jpg,x,x,
2018-09-22-185403,Official,623.jpg,x,x,
2018-09-22-185421,Official,624.jpg,x,x,
2018-09-22-185454,Official,625.jpg,x,x,
2018-09-22-185514,Official,626.jpg,x,x,
2018-09-22-185518,Official,627.jpg,x,x,
2018-09-22-185532,Official,628.jpg,x,x,
2018-09-22-185545,Official,629.jpg,x,x,
2018-09-22-185617,Official,630.jpg,x,x,
2018-09-22-185638,Official,631.jpg,x,x,
2018-09-22-185646,Official,632.jpg,x,x,
2018-09-22-185648,Official,633.jpg,x,x,
2018-09-22-185658,Official,634.jpg,x,x,
2018-09-22-185719,Official,635.jpg,x,x,
2018-09-22-185736,Official,636.jpg,x,x,
2018-09-22-185745,Official,637.jpg,x,x,
2018-09-22-185752,Official,638.jpg,x,x,
2018-09-22-185758,Official,639.jpg,x,x,
2018-09-22-185758,Official,640.jpg,x,x,
2018-09-22-185801,Official,641.jpg,x,x,
2018-09-22-185806,Official,642.jpg,x,x,
2018-09-22-185807,Official,643.jpg,x,x,
2018-09-22-185835,Official,644.jpg,x,x,
2018-09-22-185845,Official,645.jpg,x,x,
2018-09-22-185852,Official,646.jpg,x,x,
2018-09-22-185919,Official,647.jpg,x,x,
2018-09-22-185937,Official,648.jpg,x,x,
2018-09-22-185949,Official,649.jpg,x,x,
2018-09-22-190006,Official,650.jpg,x,x,
2018-09-22-190015,Official,651.jpg,x,x,
2018-09-22-190641,,272016584.jpg,,x,
2018-09-22-190650,,272016574.jpg,,x,
2018-09-22-190654,,272016571.jpg,,x,
2018-09-22-190709,,272016573.jpg,,x,
2018-09-22-190716,,272016564.jpg,,x,
2018-09-22-191043,Official,652.jpg,x,x,
2018-09-22-191400,Official,653.jpg,x,x,
2018-09-22-191532,Official,654.jpg,x,x,
2018-09-22-191534,Official,655.jpg,x,x,
2018-09-22-191602,,272009951.jpg,,x,
2018-09-22-191651,Official,656.jpg,x,x,
2018-09-22-191657,Official,657.jpg,x,x,
2018-09-22-191743,Official,658.jpg,x,x,
2018-09-22-191752,Official,659.jpg,x,x,
2018-09-22-191758,,272106748.jpg,,x,
2018-09-22-191835,Official,660.jpg,x,x,
2018-09-22-191924,Official,661.jpg,x,x,
2018-09-22-191936,Official,662.jpg,x,x,
2018-09-22-191957,,272009950.jpg,,x,
2018-09-22-192008,Official,663.jpg,x,x,
2018-09-22-192019,,272009952.jpg,,x,
2018-09-22-192029,Official,664.jpg,x,x,
2018-09-22-192033,,272009954.jpg,,x,
2018-09-22-192126,,272033723.jpg,,x,
2018-09-22-192150,,272033722.jpg,,x,
2018-09-22-192246,,272033721.jpg,,x,
2018-09-22-192321,Official,665.jpg,x,x,
2018-09-22-192648,Official,666.jpg,x,x,
2018-09-22-192719,,272009953.jpg,,x,
2018-09-22-192828,Official,667.jpg,x,x,
2018-09-22-193222,,272009955.jpg,,x,
2018-09-22-194728,,IMG_4235.jpg,,x,
2018-09-22-194729,,272069504.jpg,,x,
2018-09-22-194729,,IMG_4236.jpg,,x,
2018-09-22-195355,Official,668.jpg,x,x,
2018-09-22-195455,Official,669.jpg,x,x,
2018-09-22-195512,Official,670.jpg,x,x,
2018-09-22-195542,Official,671.jpg,x,x,
2018-09-22-195648,Official,672.jpg,x,x,
2018-09-22-200259,Official,673.jpg,x,x,
2018-09-22-200347,Scott,DSC_0129p.jpg,,x,
2018-09-22-200408,Official,674.jpg,x,x,
2018-09-22-200434,Official,675.jpg,x,x,
2018-09-22-200504,Official,676.jpg,x,x,
2018-09-22-200526,Official,677.jpg,x,x,
2018-09-22-200527,Official,678.jpg,x,x,
2018-09-22-200556,Official,679.jpg,x,x,
2018-09-22-200630,Official,680.jpg,x,x,
2018-09-22-200640,Official,681.jpg,x,x,
2018-09-22-200744,Official,682.jpg,x,x,
2018-09-22-200750,Official,683.jpg,x,x,
2018-09-22-201051,Official,684.jpg,x,x,
2018-09-22-201118,Official,685.jpg,x,x,
2018-09-22-201127,,272069490.jpg,,x,
2018-09-22-201127,,IMG_4237.jpg,,x,
2018-09-22-201152,Official,686.jpg,x,x,
2018-09-22-201312,Official,687.jpg,x,x,
2018-09-22-201454,Official,688.jpg,x,x,
2018-09-22-201713,Official,689.jpg,x,x,
2018-09-22-201713,Official,690.jpg,x,x,
2018-09-22-201737,Official,691.jpg,x,x,
2018-09-22-201748,Official,692.jpg,x,x,
2018-09-22-201748,Official,693.jpg,x,x,
2018-09-22-201816,Official,694.jpg,x,x,
2018-09-22-201820,Official,695.jpg,x,x,
2018-09-22-201837,Official,696.jpg,x,x,
2018-09-22-201841,,272009957.jpg,,x,
2018-09-22-201843,Official,697.jpg,x,x,
2018-09-22-201847,,272009956.jpg,,x,
2018-09-22-201913,Official,698.jpg,x,x,
2018-09-22-201917,Official,699.jpg,x,x,
2018-09-22-201922,Official,700.jpg,x,x,
2018-09-22-202000,Official,701.jpg,x,x,
2018-09-22-202005,Official,702.jpg,x,x,
2018-09-22-202100,Official,703.jpg,x,x,
2018-09-22-202108,Official,704.jpg,x,x,
2018-09-22-202109,Official,705.jpg,x,x,
2018-09-22-202320,Official,706.jpg,x,x,
2018-09-22-202402,Official,707.jpg,x,x,
2018-09-22-202531,Official,708.jpg,x,x,
2018-09-22-202549,Official,709.jpg,x,x,
2018-09-22-202555,Official,710.jpg,x,x,
2018-09-22-202608,Official,711.jpg,x,x,
2018-09-22-202611,Official,712.jpg,x,x,
2018-09-22-202712,Official,713.jpg,x,x,
2018-09-22-202716,Official,714.jpg,x,x,
2018-09-22-202758,Official,715.jpg,x,x,
2018-09-22-202803,Official,716.jpg,x,x,
2018-09-22-203028,Official,717.jpg,x,x,
2018-09-22-203156,,272009958.jpg,,x,
2018-09-22-203159,,272009959.jpg,,x,
2018-09-22-203440,,272069492.jpg,,x,
2018-09-22-203440,,IMG_4238.jpg,,x,
2018-09-22-203441,,272069501.jpg,,x,
2018-09-22-203441,,IMG_4239.jpg,,x,
2018-09-22-203458,,272009962.jpg,,x,
2018-09-22-203621,Official,718.jpg,x,x,
2018-09-22-203708,Official,719.jpg,x,x,
2018-09-22-203711,Official,720.jpg,x,x,
2018-09-22-203715,Official,721.jpg,x,x,
2018-09-22-203722,Official,722.jpg,x,x,
2018-09-22-203736,Official,723.jpg,x,x,
2018-09-22-203810,Official,724.jpg,x,x,
2018-09-22-203814,Official,725.jpg,x,x,
2018-09-22-203829,Official,726.jpg,x,x,
2018-09-22-203858,Official,727.jpg,x,x,
2018-09-22-204248,Official,728.jpg,x,x,
2018-09-22-204257,,272056132.jpg,,x,
2018-09-22-204307,Official,729.jpg,x,x,
2018-09-22-204430,,272056131.jpg,,x,
2018-09-22-204513,,272056129.jpg,,x,
2018-09-22-204710,,272009964.jpg,,x,
2018-09-22-205455,Official,730.jpg,x,x,
2018-09-22-205547,Official,731.jpg,x,x,
2018-09-22-205626,Official,732.jpg,x,x,
2018-09-22-205727,Official,733.jpg,x,x,
2018-09-22-205747,Official,734.jpg,x,x,
2018-09-22-205831,Official,735.jpg,x,x,
2018-09-22-210154,,IMG_4240.jpg,,x,
2018-09-22-210155,,IMG_4241.jpg,,x,
2018-09-22-210156,,IMG_4242.jpg,,x,
2018-09-22-210157,,IMG_4243.jpg,,x,
2018-09-22-210157,,IMG_4244.jpg,,x,
2018-09-22-210159,,IMG_4245.jpg,,x,
2018-09-22-210200,,272069496.jpg,,x,
2018-09-22-210200,,IMG_4246.jpg,,x,
2018-09-22-210440,Official,736.jpg,x,x,
2018-09-22-210451,Official,737.jpg,x,x,
2018-09-22-210520,Official,738.jpg,x,x,
2018-09-22-210557,Official,739.jpg,x,x,
2018-09-22-210600,Official,740.jpg,x,x,
2018-09-22-210617,Official,741.jpg,x,x,
2018-09-22-211653,Official,742.jpg,x,x,
2018-09-22-211735,Official,743.jpg,x,x,
2018-09-22-212338,Official,744.jpg,x,x,
2018-09-22-212428,Official,745.jpg,x,x,
2018-09-22-212614,Official,746.jpg,x,x,
2018-09-22-213813,,272009966.jpg,,x,
2018-09-22-213827,,272009978.jpg,,x,
2018-09-22-220850,,272056134.jpg,,x,
2018-09-22-220855,,272056137.jpg,,x,
2018-09-22-221253,,272055704.jpg,,x,
2018-09-22-221306,,272055734.jpg,,x,
2018-09-22-221442,,272055743.jpg,,x,
2018-09-22-221559,,272056186.jpg,,x,
2018-09-22-221650,,272009979.jpg,,x,
2018-09-22-221716,,272009980.jpg,,x,
2018-09-22-221951,,272009981.jpg,,x,
2018-09-22-222216,,272009982.jpg,,x,
2018-09-22-222218,,272009983.jpg,,x,
2018-09-22-222340,,IMG_4247.jpg,,x,
2018-09-22-222343,,IMG_4248.jpg,,x,
2018-09-22-222418,,272009984.jpg,,x,
2018-09-22-222437,,272009985.jpg,,x,
2018-09-22-222753,,IMG_4249.jpg,,x,
2018-09-22-222755,,IMG_4250.jpg,,x,
2018-09-22-222756,,272069497.jpg,,x,
2018-09-22-222756,,IMG_4251-2-.jpg,,x,
2018-09-22-222756,,IMG_4251.jpg,,x,
2018-09-22-223730,,272069499.jpg,,x,
2018-09-22-223730,,IMG_4252-2-.jpg,,x,
2018-09-22-223730,,IMG_4252.jpg,,x,
2018-09-22-223741,,272056135.jpg,,x,
2018-09-22-223801,,272056138.jpg,,x,
2018-09-22-223914,,272056145.jpg,,x,
2018-09-22-224033,,272056155.jpg,,x,
2018-09-22-224259,,272056167.jpg,,x,
2018-09-22-225248,,272009990.jpg,,x,
2018-09-23-020614,,272056175.jpg,,x,
2018-09-23-020614,,272056175v2.jpg,,x,
2018-09-23-020629,,272056181.jpg,,x,
2018-09-23-024948,,272056101.jpg,,x,
2018-09-23-024958,,272055905.jpg,,x,
2018-09-23-024958,,Rachel_Rod_WedPics-2.jpg,,x,
2018-09-23-153036,,IMG_4253.jpg,,x,
2018-09-24-000817,,272056183.jpg,,x,
2018-09-24-181444,,IMG_4263.jpg,,x,
2018-09-24-181454,,IMG_4264.jpg,,x,
2018-09-24-181511,,IMG_4265.jpg,,x,
2018-10-21-233034,,IMG_4701.jpg,,x,
2018-10-22-002107,,IMG_4702.jpg,,x,
2018-10-22-002526,,IMG_4703.jpg,,x,
2018-10-25-233248,,IMG_4707.jpg,,x,
2018-10-25-233929,,IMG_4708.jpg,,x,
2018-10-25-234042,,IMG_4709.jpg,,x,
2018-10-25-234654,,IMG_4710.jpg,,x,
2018-11-11-112152,Mum,IMG_4782.jpg,,x,
2018-11-11-112457,Mum,IMG_4784.jpg,,x,
2018-11-11-112641,Mum,IMG_4787.jpg,,x,
2018-11-11-112731,Mum,IMG_4788.jpg,,x,
2018-11-11-112818,Mum,IMG_4789.jpg,,x,
2018-11-11-112851,Mum,IMG_4790.jpg,,x,
2018-11-11-112900,Mum,IMG_4791.jpg,,x,
2018-11-11-112936,Mum,IMG_4792.jpg,,x,
2018-11-11-113001,Mum,IMG_4793.jpg,,x,
2018-11-11-113033,Mum,IMG_4794.jpg,,x,
2018-11-11-113103,Mum,IMG_4795.jpg,,x,
2018-11-11-113131,Mum,IMG_4796.jpg,,x,
2018-11-11-113207,Mum,IMG_4797-Edited-.jpg,,x,
2018-11-11-113207,Mum,IMG_4797.jpg,,x,
2018-11-11-113216,Mum,IMG_4798.jpg,,x,
2018-11-11-113245,Mum,IMG_4799.jpg,,x,
2018-11-11-113321,Mum,IMG_4800.JPG,,x,
2018-11-11-113323,Mum,IMG_4801.jpg,,x,
2018-11-11-113411,Mum,IMG_4802.jpg,,x,
2018-11-11-113456,Mum,IMG_4803.jpg,,x,
2018-11-11-113731,Mum,IMG_4804.jpg,,x,
2018-11-11-113830,Mum,IMG_4805.jpg,,x,
2018-11-11-113906,Mum,IMG_4806-Edited-.jpg,,x,
2018-11-11-113906,Mum,IMG_4806.jpg,,x,
2018-11-11-113912,Mum,IMG_4807-Edited-.jpg,,x,
2018-11-11-113912,Mum,IMG_4807.jpg,,x,
2018-11-11-113924,Mum,IMG_4808.jpg,,x,
2018-11-11-114043,Mum,IMG_4809.jpg,,x,
2018-11-11-120430,Mum,IMG_4810.jpg,,x,
2018-11-11-120458,Mum,IMG_4811.jpg,,x,
2018-11-11-120458 12:04:58 pm CET,Mum,IMG_4811-Edited-.jpg,,x,
2018-11-11-123237,Mum,IMG_4812.jpg,,x,
,,271938988.jpg,,x,
,,271945502.jpg,,x,
,,272030546.jpg,,x,
,,272030816.jpg,,x,
,,272060905.jpg,,x,
,,DSC_0019.jpg,,x,
,,DSC_0024.jpg,,x,
,,DSC_0026.jpg,,x,
,,IMG_4254.JPG,,x,
,,IMG_4255.JPG,,x,
,,IMG_4256.JPG,,x,
,,IMG_4257.JPG,,x,
,,IMG_4258-2-.JPG,,x,
,,IMG_4258.JPG,,x,
,,IMG_4259.JPG,,x,
,,IMG_4260.JPG,,x,
,,IMG_4261.JPG,,x,
,,IMG_4262.JPG,,x,
,,IMG_4266.JPG,,x,
,,IMG_4267.JPG,,x,
,,IMG_4761.JPG,,x,
,,IMG_4762.JPG,,x,
,,IMG_4766.JPG,,x,
,,IMG_4768.JPG,,x,
,,IMG_4769.JPG,,x,
,,IMG_4771.JPG,,x,
,,IMG_4772.JPG,,x,
,,IMG_4773.JPG,,x,
,Mum,Untitled-1_copy.jpg,,x,
,Mum,Untitled-2_copy.jpg,,x,
,Mum,Untitled-3_copy.jpg,,x,
,Mum,Untitled-4_copy.jpg,,x,
,,Rachel_Rod_WedPicsv2.jpg,,x,
,,Untitled-2_copy_2.jpg,,x,
,,a36fa090-4391-4f22-86c3-b3fe41610a90-2-.jpg,,x,
,,a36fa090-4391-4f22-86c3-b3fe41610a90.jpg,,x,
,,c902dbe7-7391-41a1-bac9-5ed411f80449.jpg,,x,
,,ed2d7451-ce45-4cb9-a7dd-e41e4199cdf0.jpg,,x,